Date,Home,Away
Sat 06/13/2026 (4:30 p.m.),Yarmouth-Dennis,Harwich
Sat 06/13/2026 (4:30 p.m.),Cotuit,Wareham
Sat 06/13/2026 (6 p.m.),Falmouth,Orleans
Sat 06/13/2026 (6 p.m.),Hyannis,Brewster
Sat 06/13/2026 (6 p.m.),Bourne,Chatham
Sun 06/14/2026 (4:30 p.m.),Brewster,Falmouth
Sun 06/14/2026 (6 p.m.),Wareham,Hyannis
Sun 06/14/2026 (6 p.m.),Bourne,Harwich
Sun 06/14/2026 (6:30 p.m.),Orleans,Yarmouth-Dennis
Sun 06/14/2026 (7 p.m.),Chatham,Cotuit
Mon 06/15/2026 (5 p.m.),Cotuit,Bourne
Mon 06/15/2026 (5 p.m.),Yarmouth-Dennis,Falmouth
Mon 06/15/2026 (6 p.m.),Wareham,Chatham
Mon 06/15/2026 (6:30 p.m.),Orleans,Brewster
Mon 06/15/2026 (6:30 p.m.),Harwich,Hyannis
Tue 06/16/2026 (5 p.m.),Brewster,Wareham
Tue 06/16/2026 (6 p.m.),Falmouth,Orleans
Tue 06/16/2026 (6 p.m.),Hyannis,Bourne
Tue 06/16/2026 (6:30 p.m.),Harwich,Cotuit
Tue 06/16/2026 (7 p.m.),Chatham,Yarmouth-Dennis
Thu 06/18/2026 (5 p.m.),Cotuit,Chatham
Thu 06/18/2026 (5 p.m.),Brewster,Hyannis
Thu 06/18/2026 (6 p.m.),Wareham,Yarmouth-Dennis
Thu 06/18/2026 (6 p.m.),Falmouth,Harwich
Thu 06/18/2026 (6:30 p.m.),Orleans,Bourne
Fri 06/19/2026 (5 p.m.),Yarmouth-Dennis,Cotuit
Fri 06/19/2026 (6 p.m.),Hyannis,Wareham
Fri 06/19/2026 (6 p.m.),Bourne,Falmouth
Fri 06/19/2026 (6:30 p.m.),Harwich,Orleans
Fri 06/19/2026 (7 p.m.),Chatham,Brewster
Sat 06/20/2026 (4:30 p.m.),Brewster,Orleans
Sat 06/20/2026 (4:30 p.m.),Yarmouth-Dennis,Bourne
Sat 06/20/2026 (4:30 p.m.),Cotuit,Hyannis
Sat 06/20/2026 (6 p.m.),Wareham,Harwich
Sat 06/20/2026 (7 p.m.),Chatham,Falmouth
Sun 06/21/2026 (5:30 p.m.),Harwich,Yarmouth-Dennis
Sun 06/21/2026 (6 p.m.),Bourne,Brewster
Sun 06/21/2026 (6 p.m.),Hyannis,Chatham
Sun 06/21/2026 (6 p.m.),Falmouth,Wareham
Sun 06/21/2026 (6:30 p.m.),Orleans,Cotuit
Tue 06/23/2026 (5 p.m.),Cotuit,Brewster
Tue 06/23/2026 (5 p.m.),Yarmouth-Dennis,Falmouth
Tue 06/23/2026 (6 p.m.),Wareham,Orleans
Tue 06/23/2026 (6 p.m.),Hyannis,Harwich
Tue 06/23/2026 (7 p.m.),Chatham,Bourne
Wed 06/24/2026 (5 p.m.),Brewster,Yarmouth-Dennis
Wed 06/24/2026 (6 p.m.),Falmouth,Chatham
Wed 06/24/2026 (6:30 p.m.),Harwich,Wareham
Wed 06/24/2026 (6:30 p.m.),Orleans,Hyannis
Wed 06/24/2026 (7 p.m.),Bourne,Cotuit
Fri 06/26/2026 (5 p.m.),Cotuit,Orleans
Fri 06/26/2026 (6 p.m.),Hyannis,Yarmouth-Dennis
Fri 06/26/2026 (6 p.m.),Wareham,Falmouth
Fri 06/26/2026 (6 p.m.),Bourne,Brewster
Fri 06/26/2026 (7 p.m.),Chatham,Harwich
Sat 06/27/2026 (4:30 p.m.),Yarmouth-Dennis,Wareham
Sat 06/27/2026 (4:30 p.m.),Brewster,Cotuit
Sat 06/27/2026 (5:30 p.m.),Harwich,Bourne
Sat 06/27/2026 (6:35 p.m.),Orleans,Falmouth
Sat 06/27/2026 (7 p.m.),Chatham,Hyannis
Sun 06/28/2026 (4:30 p.m.),Cotuit,Harwich
Sun 06/28/2026 (6 p.m.),Wareham,Chatham
Sun 06/28/2026 (6 p.m.),Bourne,Yarmouth-Dennis
Sun 06/28/2026 (6 p.m.),Falmouth,Brewster
Sun 06/28/2026 (6 p.m.),Hyannis,Orleans
Mon 06/29/2026 (5 p.m.),Cotuit,Yarmouth-Dennis
Mon 06/29/2026 (5 p.m.),Brewster,Chatham
Mon 06/29/2026 (6 p.m.),Hyannis,Falmouth
Mon 06/29/2026 (6 p.m.),Bourne,Orleans
Mon 06/29/2026 (6:30 p.m.),Harwich,Wareham
Tue 06/30/2026 (5 p.m.),Yarmouth-Dennis,Chatham
Tue 06/30/2026 (5 p.m.),Brewster,Bourne
Tue 06/30/2026 (6 p.m.),Hyannis,Cotuit
Tue 06/30/2026 (6:30 p.m.),Orleans,Wareham
Tue 06/30/2026 (6:30 p.m.),Harwich,Falmouth
Wed 07/01/2026 (6 p.m.),Wareham,Brewster
Wed 07/01/2026 (6 p.m.),Bourne,Hyannis
Wed 07/01/2026 (6 p.m.),Falmouth,Yarmouth-Dennis
Wed 07/01/2026 (6:30 p.m.),Orleans,Harwich
Wed 07/01/2026 (7 p.m.),Chatham,Cotuit
Fri 07/03/2026 (5 p.m.),Brewster,Harwich
Fri 07/03/2026 (5 p.m.),Yarmouth-Dennis,Hyannis
Fri 07/03/2026 (6 p.m.),Falmouth,Cotuit
Fri 07/03/2026 (6 p.m.),Wareham,Bourne
Fri 07/03/2026 (6:30 p.m.),Orleans,Chatham
Sat 07/04/2026 (4:30 p.m.),Harwich,Brewster
Sat 07/04/2026 (4:35 p.m.),Cotuit,Falmouth
Sat 07/04/2026 (5 p.m.),Hyannis,Yarmouth-Dennis
Sat 07/04/2026 (6 p.m.),Bourne,Wareham
Sat 07/04/2026 (7 p.m.),Chatham,Orleans
Sun 07/05/2026 (4:30 p.m.),Yarmouth-Dennis,Orleans
Sun 07/05/2026 (4:30 p.m.),Brewster,Hyannis
Sun 07/05/2026 (5:30 p.m.),Harwich,Chatham
Sun 07/05/2026 (6 p.m.),Wareham,Cotuit
Sun 07/05/2026 (6 p.m.),Falmouth,Bourne
Tue 07/07/2026 (5 p.m.),Yarmouth-Dennis,Brewster
Tue 07/07/2026 (5 p.m.),Cotuit,Harwich
Tue 07/07/2026 (6 p.m.),Falmouth,Hyannis
Tue 07/07/2026 (6:30 p.m.),Orleans,Bourne
Tue 07/07/2026 (7 p.m.),Chatham,Wareham
Wed 07/08/2026 (5 p.m.),Cotuit,Falmouth
Wed 07/08/2026 (5 p.m.),Brewster,Harwich
Wed 07/08/2026 (6 p.m.),Bourne,Chatham
Wed 07/08/2026 (6 p.m.),Hyannis,Orleans
Wed 07/08/2026 (6 p.m.),Wareham,Yarmouth-Dennis
Fri 07/10/2026 (5 p.m.),Yarmouth-Dennis,Bourne
Fri 07/10/2026 (6 p.m.),Falmouth,Wareham
Fri 07/10/2026 (6:30 p.m.),Orleans,Cotuit
Fri 07/10/2026 (6:30 p.m.),Harwich,Hyannis
Fri 07/10/2026 (7 p.m.),Chatham,Brewster
Sat 07/11/2026 (4:30 p.m.),Cotuit,Brewster
Sat 07/11/2026 (5:30 p.m.),Harwich,Chatham
Sat 07/11/2026 (6 p.m.),Wareham,Hyannis
Sat 07/11/2026 (6:05 p.m.),Falmouth,Bourne
Sat 07/11/2026 (6:30 p.m.),Orleans,Yarmouth-Dennis
Sun 07/12/2026 (4:30 p.m.),Yarmouth-Dennis,Harwich
Sun 07/12/2026 (4:30 p.m.),Brewster,Falmouth
Sun 07/12/2026 (6 p.m.),Bourne,Wareham
Sun 07/12/2026 (6 p.m.),Hyannis,Cotuit
Sun 07/12/2026 (7 p.m.),Chatham,Orleans
Tue 07/14/2026 (5 p.m.),Cotuit,Bourne
Tue 07/14/2026 (6 p.m.),Wareham,Orleans
Tue 07/14/2026 (6 p.m.),Falmouth,Hyannis
Tue 07/14/2026 (6:30 p.m.),Harwich,Brewster
Tue 07/14/2026 (7 p.m.),Chatham,Yarmouth-Dennis
Wed 07/15/2026 (5 p.m.),Yarmouth-Dennis,Wareham
Wed 07/15/2026 (5 p.m.),Brewster,Cotuit
Wed 07/15/2026 (6 p.m.),Bourne,Falmouth
Wed 07/15/2026 (6 p.m.),Hyannis,Chatham
Wed 07/15/2026 (6:30 p.m.),Orleans,Harwich
Thu 07/16/2026 (5 p.m.),Yarmouth-Dennis,Orleans
Thu 07/16/2026 (6 p.m.),Hyannis,Brewster
Thu 07/16/2026 (6 p.m.),Falmouth,Harwich
Thu 07/16/2026 (6 p.m.),Wareham,Cotuit
Thu 07/16/2026 (7 p.m.),Chatham,Bourne
Fri 07/17/2026 (4:30 p.m.),Harwich,Yarmouth-Dennis
Fri 07/17/2026 (5 p.m.),Cotuit,Falmouth
Fri 07/17/2026 (5 p.m.),Brewster,Chatham
Fri 07/17/2026 (6 p.m.),Bourne,Wareham
Fri 07/17/2026 (6:30 p.m.),Orleans,Hyannis
Mon 07/20/2026 (4:30 p.m.),Yarmouth-Dennis,Cotuit
Mon 07/20/2026 (6 p.m.),Falmouth,Brewster
Mon 07/20/2026 (6 p.m.),Wareham,Harwich
Mon 07/20/2026 (6 p.m.),Bourne,Orleans
Mon 07/20/2026 (7 p.m.),Chatham,Hyannis
Tue 07/21/2026 (4:30 p.m.),Brewster,Yarmouth-Dennis
Tue 07/21/2026 (4:30 p.m.),Cotuit,Chatham
Tue 07/21/2026 (6 p.m.),Hyannis,Bourne
Tue 07/21/2026 (6:30 p.m.),Harwich,Falmouth
Tue 07/21/2026 (6:30 p.m.),Orleans,Wareham
Wed 07/22/2026 (4:30 p.m.),Yarmouth-Dennis,Hyannis
Wed 07/22/2026 (6 p.m.),Bourne,Cotuit
Wed 07/22/2026 (6 p.m.),Falmouth,Chatham
Wed 07/22/2026 (6 p.m.),Wareham,Brewster
Wed 07/22/2026 (6:30 p.m.),Orleans,Harwich
Thu 07/23/2026 (4:30 p.m.),Cotuit,Yarmouth-Dennis
Thu 07/23/2026 (4:30 p.m.),Brewster,Wareham
Thu 07/23/2026 (6 p.m.),Bourne,Hyannis
Thu 07/23/2026 (6:30 p.m.),Harwich,Orleans
Thu 07/23/2026 (7 p.m.),Chatham,Falmouth
Fri 07/24/2026 (4:30 p.m.),Brewster,Orleans
Fri 07/24/2026 (4:30 p.m.),Cotuit,Wareham
Fri 07/24/2026 (6 p.m.),Hyannis,Falmouth
Fri 07/24/2026 (6:30 p.m.),Harwich,Bourne
Fri 07/24/2026 (7 p.m.),Chatham,Yarmouth-Dennis
Sat 07/25/2026 (4:30 p.m.),Yarmouth-Dennis,Brewster
Sat 07/25/2026 (5:30 p.m.),Harwich,Cotuit
Sat 07/25/2026 (6 p.m.),Bourne,Hyannis
Sat 07/25/2026 (6:05 p.m.),Wareham,Falmouth
Sat 07/25/2026 (6:30 p.m.),Orleans,Chatham
Sun 07/26/2026 (4:30 p.m.),Brewster,Bourne
Sun 07/26/2026 (4:30 p.m.),Cotuit,Orleans
Sun 07/26/2026 (6 p.m.),Falmouth,Yarmouth-Dennis
Sun 07/26/2026 (6 p.m.),Hyannis,Wareham
Sun 07/26/2026 (7 p.m.),Chatham,Harwich
Tue 07/28/2026 (4:30 p.m.),Cotuit,Hyannis
Tue 07/28/2026 (6 p.m.),Falmouth,Bourne
Tue 07/28/2026 (6:30 p.m.),Harwich,Yarmouth-Dennis
Tue 07/28/2026 (6:30 p.m.),Orleans,Brewster
Tue 07/28/2026 (7 p.m.),Chatham,Wareham
Wed 07/29/2026 (4:30 p.m.),Yarmouth-Dennis,Orleans
Wed 07/29/2026 (4:30 p.m.),Brewster,Chatham
Wed 07/29/2026 (6 p.m.),Hyannis,Falmouth
Wed 07/29/2026 (6 p.m.),Wareham,Cotuit
Wed 07/29/2026 (6 p.m.),Bourne,Harwich
Fri 07/31/2026 (4:30 p.m.),Yarmouth-Dennis,Brewster
Fri 07/31/2026 (6 p.m.),Wareham,Bourne
Fri 07/31/2026 (6 p.m.),Falmouth,Cotuit
Fri 07/31/2026 (6 p.m.),Hyannis,Harwich
Fri 07/31/2026 (6:30 p.m.),Orleans,Chatham
Sat 08/01/2026 (4:30 p.m.),Brewster,Orleans
Sat 08/01/2026 (6 p.m.),Bourne,Yarmouth-Dennis
Sat 08/01/2026 (6 p.m.),Falmouth,Wareham
Sat 08/01/2026 (6:05 p.m.),Hyannis,Cotuit
Sat 08/01/2026 (7 p.m.),Chatham,Harwich
Sun 08/02/2026 (4:30 p.m.),Yarmouth-Dennis,Chatham
Sun 08/02/2026 (4:30 p.m.),Cotuit,Bourne
Sun 08/02/2026 (5:30 p.m.),Harwich,Brewster
Sun 08/02/2026 (6 p.m.),Wareham,Hyannis
Sun 08/02/2026 (6:30 p.m.),Orleans,Falmouth
